[{"@type":"mtTask","id":"@1","name":"mct_readWrite2","description":"","runtimeEnvironmentId":"@gPXxMvavnyZdjibPlyNEiT","preProcessingCmd":"$$scriptName","maxLogs":10,"verbose":false,"mappingId":"@eknIZvcqggkkeSFP5Z692m","shortDescription":"","sessionPropertiesList":[{"name":"Output file directory","value":"/user_home/kishore/src","recommended":false}],"enableCrossSchemaPushdown":true,"enableParallelRun":false,"autoTunedApplied":false,"autoTunedAppliedType":"NONE","parameterFileName":"parameterFile2.param","parameterFileDir":"/user_home/kishore","paramFileType":"PARAM_FILE_LOCAL","schemaMode":"async","parameterFileEncoding":"UTF-8","serverlessProperties":{},"taskProperties":[{"@type":"taskProperty","name":"parameterFileDir","currentValue":"/user_home/kishore","type":"STRING","label":"label.parameterFileDir","required":false},{"@type":"taskProperty","name":"parameterFileName","currentValue":"parameterFile2.param","type":"STRING","label":"label.parameterFileName","required":false}],"parameters":[{"@type":"mtTaskParameter","id":4700769,"name":"$src$","type":"EXTENDED_SOURCE","label":"DBConnectionSourceFF","description":"","uiProperties":{"cnxtype":"CSVFile","connDefault":"SourceConnectionValue","connectionParameterized":"true","logcnx":"DBConnectionSourceFF","isMsrcFilterParameterized":"false","isMsrcSortParameterized":"false","objectParameterized":"false","visible":"false"},"sourceConnectionId":"@7Cwvpz9ryqYl3ZUJ7qNrEe","newFlatFile":false,"newObject":false,"showBusinessNames":true,"naturalOrder":true,"truncateTarget":false,"bulkApiDBTarget":false,"srcFFAttrs":{"@type":"flatFileAttrs","id":1568621,"delimiter":",","textQualifier":"\"","escapeChar":"","headerLineNo":1,"firstDataRow":2},"customFuncCfg":{"@type":"customFuncConfig","id":-1,"connections":[],"inputMap":[],"outputFields":[]},"tgtFieldRefs":{},"targetUpdateColumns":[],"extendedObject":{"@type":"extendedObject","object":{"@type":"mObject","name":"outputFile.txt","label":"outputFile.txt","metadataUpdated":false,"relations":[],"children":[]},"objects":[{"@type":"mObject","name":"outputFile.txt","label":"outputFile.txt","metadataUpdated":false,"relations":[],"children":[]}],"filters":[],"sortFields":[]},"runtimeAttrs":{},"isRESTModernSource":true,"isFileList":false,"handleSpecialChars":false,"frsAsset":false,"dynamicFileName":false,"currentlyProcessedFileName":false,"fetchMode":"ORIGINAL","tgtObjectAttributes":{},"runtimeParameterData":{"@type":"mtTaskRuntimeParameterData","isConnectionRuntimeParameter":true,"isObjectRuntimeParameter":false,"connectionParameterName":"DBConnectionSourceFF"},"overriddenFields":[]},{"@type":"mtTaskParameter","id":4700771,"name":"$tgt$","type":"TARGET","label":"DBConnectionTargetFF","description":"","uiProperties":{"cnxtype":"CSVFile","connDefault":"TargetConnectionValue","connectionParameterized":"true","logcnx":"DBConnectionTargetFF","default":"ValueForTarget","objlabel":"TargetObjectName","objectParameterized":"true","objDesc":"","defaultTargetUpdateColumns":"","supportApplyDDLChanges":"true"},"targetConnectionId":"@7Cwvpz9ryqYl3ZUJ7qNrEe","targetObject":"DefaultValueForExtendedObject.txt","targetObjectLabel":"DefaultValueForExtendedObject.txt","newFlatFile":false,"newObject":false,"showBusinessNames":true,"naturalOrder":true,"truncateTarget":false,"bulkApiDBTarget":false,"operationType":"Insert","customFuncCfg":{"@type":"customFuncConfig","id":-1,"connections":[],"inputMap":[],"outputFields":[]},"tgtFieldRefs":{},"targetUpdateColumns":[],"extendedObject":{"@type":"extendedObject","filters":[],"sortFields":[]},"runtimeAttrs":{},"isRESTModernSource":true,"isFileList":false,"handleSpecialChars":false,"frsAsset":false,"dynamicFileName":false,"currentlyProcessedFileName":false,"objectName":"DefaultValueForExtendedObject.txt","objectLabel":"DefaultValueForExtendedObject.txt","fetchMode":"ORIGINAL","tgtObjectAttributes":{},"runtimeParameterData":{"@type":"mtTaskRuntimeParameterData","isConnectionRuntimeParameter":true,"isObjectRuntimeParameter":true,"connectionParameterName":"DBConnectionTargetFF","objectParameterName":"TargetObjectName","objectDefaultValue":"DefaultValueForExtendedObject.txt"},"overriddenFields":[]},{"@type":"mtTaskParameter","id":4700773,"name":"$Parameter200$","type":"STRING","text":"12345","label":"Parameter200","description":"","uiProperties":{"default":"12345","paramtype":"Expression","aggregate":"false","varFuncExpr":"true","udf":"true"},"newFlatFile":false,"newObject":false,"showBusinessNames":true,"naturalOrder":true,"truncateTarget":false,"bulkApiDBTarget":false,"customFuncCfg":{"@type":"customFuncConfig","id":-1,"connections":[],"inputMap":[],"outputFields":[]},"tgtFieldRefs":{},"targetUpdateColumns":[],"runtimeAttrs":{},"isRESTModernSource":true,"isFileList":false,"handleSpecialChars":false,"frsAsset":false,"dynamicFileName":false,"currentlyProcessedFileName":false,"fetchMode":"ORIGINAL","tgtObjectAttributes":{},"runtimeParameterData":{"@type":"mtTaskRuntimeParameterData","isConnectionRuntimeParameter":false,"isObjectRuntimeParameter":false},"overriddenFields":[]},{"@type":"mtTaskParameter","id":4700775,"name":"$dummyPar$","type":"STRING","text":"dummyVal_difference","label":"dummyPar","description":"","uiProperties":{"default":"dummyVal"},"newFlatFile":false,"newObject":false,"showBusinessNames":true,"naturalOrder":true,"truncateTarget":false,"bulkApiDBTarget":false,"customFuncCfg":{"@type":"customFuncConfig","id":-1,"connections":[],"inputMap":[],"outputFields":[]},"tgtFieldRefs":{},"targetUpdateColumns":[],"runtimeAttrs":{},"isRESTModernSource":true,"isFileList":false,"handleSpecialChars":false,"frsAsset":false,"dynamicFileName":false,"currentlyProcessedFileName":false,"fetchMode":"ORIGINAL","tgtObjectAttributes":{},"runtimeParameterData":{"@type":"mtTaskRuntimeParameterData","isConnectionRuntimeParameter":false,"isObjectRuntimeParameter":false},"overriddenFields":[]}],"sequences":[],"inOutParameters":[{"@type":"mtTaskInOutParameter","id":"-1","name":"inOutParam1","description":"","initialValue":"inOutValueOne","datatype":"STRING","precision":"100","scale":"0","retentionPolicy":"ON_SUCCESS_OR_WARNING","aggregationType":"MAX","currentValue":"inOutValue1"},{"@type":"mtTaskInOutParameter","id":"-1","name":"inOutParam2","description":"","initialValue":"inOutValueTwo","datatype":"STRING","precision":"100","scale":"0","retentionPolicy":"ON_SUCCESS_OR_WARNING","aggregationType":"MAX","currentValue":"inOutValue2"}],"connRuntimeAttrs":[]}]