[{"@type":"mtTask","id":"@1","name":"mct_readWrite1","description":"Added description new ","runtimeEnvironmentId":"@gPXxMvavnyZdjibPlyNEiT","maxLogs":10,"verbose":false,"mappingId":"@bopf1b018sThBkANtOwvoC","shortDescription":"Added description new ","sessionPropertiesList":[],"enableCrossSchemaPushdown":true,"enableParallelRun":false,"autoTunedApplied":false,"autoTunedAppliedType":"NONE","parameterFileName":"readWrite.param","parameterFileDir":"/user_home/kishore","paramFileType":"PARAM_FILE_LOCAL","schemaMode":"async","parameterFileEncoding":"UTF-8","serverlessProperties":{},"taskProperties":[{"@type":"taskProperty","name":"parameterFileDir","currentValue":"/user_home/kishore","type":"STRING","label":"label.parameterFileDir","required":false},{"@type":"taskProperty","name":"parameterFileName","currentValue":"readWrite.param","type":"STRING","label":"label.parameterFileName","required":false}],"parameters":[{"@type":"mtTaskParameter","id":4700777,"name":"$src$","type":"EXTENDED_SOURCE","label":"src","uiProperties":{"connectionParameterized":"false","isMsrcFilterParameterized":"false","isMsrcSortParameterized":"false","objectParameterized":"false","visible":"false"},"sourceConnectionId":"@07KHjG86GYelQXpFa41zst","newFlatFile":false,"newObject":false,"showBusinessNames":false,"naturalOrder":true,"truncateTarget":false,"bulkApiDBTarget":false,"srcFFAttrs":{"@type":"flatFileAttrs","id":1568623,"delimiter":",","textQualifier":"\"","escapeChar":"","headerLineNo":1,"firstDataRow":2},"customFuncCfg":{"@type":"customFuncConfig","id":-1,"connections":[],"inputMap":[],"outputFields":[]},"tgtFieldRefs":{},"targetUpdateColumns":[],"extendedObject":{"@type":"extendedObject","object":{"@type":"mObject","name":"input.csv","label":"input.csv","metadataUpdated":false,"relations":[],"children":[]},"objects":[{"@type":"mObject","name":"input.csv","label":"input.csv","metadataUpdated":false,"relations":[],"children":[]}],"filters":[],"sortFields":[]},"runtimeAttrs":{},"isRESTModernSource":true,"isFileList":false,"handleSpecialChars":false,"frsAsset":false,"dynamicFileName":false,"currentlyProcessedFileName":false,"fetchMode":"ORIGINAL","tgtObjectAttributes":{},"runtimeParameterData":{"@type":"mtTaskRuntimeParameterData","isConnectionRuntimeParameter":false,"isObjectRuntimeParameter":false},"overriddenFields":[]},{"@type":"mtTaskParameter","id":4700779,"name":"$tgt$","type":"TARGET","label":"TargetConnectionName","description":"","uiProperties":{"cnxtype":"CSVFile","connectionParameterized":"true","logcnx":"TargetConnectionName","objlabel":"TargetObjectName","objectParameterized":"true","objDesc":"","defaultTargetUpdateColumns":"","supportApplyDDLChanges":"true"},"targetConnectionId":"@7Cwvpz9ryqYl3ZUJ7qNrEe","targetObject":"outputNotWorked.txt","targetObjectLabel":"outputNotWorked.txt","newFlatFile":false,"newObject":true,"showBusinessNames":true,"naturalOrder":true,"newObjectName":"outputNotWorked.txt","truncateTarget":false,"bulkApiDBTarget":false,"operationType":"Insert","customFuncCfg":{"@type":"customFuncConfig","id":-1,"connections":[],"inputMap":[],"outputFields":[]},"tgtFieldRefs":{},"targetUpdateColumns":[],"extendedObject":{"@type":"extendedObject","filters":[],"sortFields":[]},"runtimeAttrs":{},"isRESTModernSource":true,"isFileList":false,"handleSpecialChars":false,"frsAsset":false,"dynamicFileName":false,"currentlyProcessedFileName":false,"objectName":"outputNotWorked.txt","objectLabel":"outputNotWorked.txt","fetchMode":"ORIGINAL","tgtObjectAttributes":{},"runtimeParameterData":{"@type":"mtTaskRuntimeParameterData","isConnectionRuntimeParameter":true,"isObjectRuntimeParameter":true,"connectionParameterName":"TargetConnectionName","objectParameterName":"TargetObjectName","objectDefaultValue":"outputNotWorked.txt"},"overriddenFields":[]},{"@type":"mtTaskParameter","id":4700781,"name":"$Lookup$","type":"LOOKUP","label":"lkpConnection","description":"","uiProperties":{"cnxtype":"Oracle","connDefault":"oracle_kishore","connectionParameterized":"true","logcnx":"lkpConnection","isCachedLookup":"true","multipleMatchPolicy":"Use Any Value","default":"SRC_SEARCH","objlabel":"lkpObject","objectParameterized":"true","objDesc":""},"lookupConnectionId":"@46805TekRawfLtpWCV7mq8","lookupObject":"SRC_SEARCH","lookupObjectLabel":"SRC_SEARCH","newFlatFile":false,"newObject":false,"showBusinessNames":true,"naturalOrder":true,"truncateTarget":false,"bulkApiDBTarget":false,"customFuncCfg":{"@type":"customFuncConfig","id":-1,"connections":[],"inputMap":[],"outputFields":[]},"tgtFieldRefs":{},"targetUpdateColumns":[],"runtimeAttrs":{"Cache File Name Prefix":"","Lookup Index Cache Size":"AUTO","Lookup SQL Override":"LkpSQlOverrideValue","Optional":"true","Lookup cache persistent":"false","Lookup source is static":"false","Pre SQL":"avcdoPre","Re-cache from lookup source":"false","Insert Else Update":"false","Lookup caching enabled":"true","Post SQL":"PostSql","Lookup Data Cache Size":"AUTO","Tracing Level":"Normal","Subsecond Precision":"6","Lookup cache directory name":"$PMCacheDir","Output Old Value On Update":"false","Lookup Source Filter":"","Dynamic Lookup Cache":"false","Pre-build lookup cache":"AUTO","Synchronize dynamic cache":"false"},"isRESTModernSource":true,"isFileList":false,"handleSpecialChars":false,"frsAsset":false,"dynamicFileName":false,"currentlyProcessedFileName":false,"objectName":"SRC_SEARCH","objectLabel":"SRC_SEARCH","fetchMode":"ORIGINAL","tgtObjectAttributes":{},"runtimeParameterData":{"@type":"mtTaskRuntimeParameterData","isConnectionRuntimeParameter":true,"isObjectRuntimeParameter":true,"connectionParameterName":"lkpConnection","objectParameterName":"lkpObject","objectDefaultValue":"SRC_SEARCH"},"overriddenFields":[]},{"@type":"mtTaskParameter","id":4700783,"name":"$lkpCondition$","type":"STRING","text":"SRC_SEARCH=name","label":"lkpCondition","description":"","uiProperties":{"default":"SRC_SEARCH=name","paramtype":"Expression"},"newFlatFile":false,"newObject":false,"showBusinessNames":true,"naturalOrder":true,"truncateTarget":false,"bulkApiDBTarget":false,"customFuncCfg":{"@type":"customFuncConfig","id":-1,"connections":[],"inputMap":[],"outputFields":[]},"tgtFieldRefs":{},"targetUpdateColumns":[],"runtimeAttrs":{},"isRESTModernSource":true,"isFileList":false,"handleSpecialChars":false,"frsAsset":false,"dynamicFileName":false,"currentlyProcessedFileName":false,"fetchMode":"ORIGINAL","tgtObjectAttributes":{},"runtimeParameterData":{"@type":"mtTaskRuntimeParameterData","isConnectionRuntimeParameter":false,"isObjectRuntimeParameter":false},"overriddenFields":[]}],"sequences":[],"inOutParameters":[],"connRuntimeAttrs":[]}]